,epoch,Accuracy
0,1,0.50875
1,2,0.5225
2,3,0.55875
3,4,0.49875
4,5,0.5575
5,6,0.58625
6,7,0.56875
7,8,0.4975
8,9,0.49625
9,10,0.48625
10,11,0.47125
11,12,0.54375
12,13,0.5775
13,14,0.47375
14,15,0.5425
15,16,0.5125
16,17,0.4875
17,18,0.52
18,19,0.50875
19,20,0.4275
20,21,0.535
21,22,0.54375
22,23,0.4925
23,24,0.5075
24,25,0.485
