,epoch,Accuracy
0,1,0.49
1,2,0.50125
2,3,0.56125
3,4,0.49375
4,5,0.55125
5,6,0.60125
6,7,0.575
7,8,0.55
8,9,0.52375
9,10,0.555
10,11,0.5425
11,12,0.545
12,13,0.595
13,14,0.4825
14,15,0.54125
15,16,0.50375
16,17,0.57875
17,18,0.54
18,19,0.4875
19,20,0.4475
20,21,0.45125
21,22,0.545
22,23,0.54125
23,24,0.48625
24,25,0.57
