,epoch,Accuracy
0,1,0.3279375
1,2,0.3565625
