,epoch,Accuracy
0,1,0.18375
1,2,0.29
2,3,0.22125
