,epoch,Accuracy
0,1,0.2954375
1,2,0.2628125
2,3,0.282
